Reference,Value,Footprint,Cost100,Digikey,Notes,Substitutable,Description,Datasheet2
BT2,Battery,Swadge_Parts:2460,116,36-2460-ND,Use through-hole AA Battery Holder in Style of Keystone 2460,Y,,
BT1,Battery,Swadge_Parts:2460,116,36-2460-ND,Use through-hole AA Battery Holder in Style of Keystone 2460,Y,,
C14,0.01u,Swadge_Parts:C_0603_1608Metric,10,1276-1000-1-ND,0603 Package,Y,,
C9,0.1u,Swadge_Parts:C_0603_1608Metric,10,1276-1000-1-ND,0603 Package,Y,,
C7,0.1u,Swadge_Parts:C_0603_1608Metric,10,1276-1000-1-ND,0603 Package,Y,,
C15,0.1u,Swadge_Parts:C_0603_1608Metric,10,1276-1000-1-ND,0603 Package,Y,,
C13,10u,Swadge_Parts:C_0603_1608Metric,10,490-10469-1-ND,0603 Package,Y,,
C6,10u,Swadge_Parts:C_0603_1608Metric,10,490-10469-1-ND,0603 Package,Y,,
C1,1u,Swadge_Parts:C_0603_1608Metric,10,1276-1036-1-ND,0603 Package,Y,,
C4,1u,Swadge_Parts:C_0603_1608Metric,10,1276-1036-1-ND,0603 Package,Y,,
C2,1u,Swadge_Parts:C_0603_1608Metric,10,1276-1036-1-ND,0603 Package,Y,,
C3,1u,Swadge_Parts:C_0603_1608Metric,10,1276-1036-1-ND,0603 Package,Y,,
C11,1u,Swadge_Parts:C_0603_1608Metric,10,1276-1036-1-ND,0603 Package,Y,,
C10,1u,Swadge_Parts:C_0603_1608Metric,10,1276-1036-1-ND,0603 Package,Y,,
C5,1u,Swadge_Parts:C_0603_1608Metric,10,1276-1036-1-ND,0603 Package,Y,,
C8,1u,Swadge_Parts:C_0603_1608Metric,10,1276-1036-1-ND,0603 Package,Y,,
C12,2.2u,Swadge_Parts:C_0603_1608Metric,10,1276-1085-1-ND,0603 Package,Y,,
C16,2.2u,Swadge_Parts:C_0603_1608Metric,10,1276-1085-1-ND,0603 Package,Y,,
D1,WS2812B,Swadge_Parts:LED_WS2812B_PLCC4_5.0x5.0mm_P3.2mm,45,1528-1104-ND,Use WS2812B LED. Digikey item is x10,Y,,
D2,WS2812B,Swadge_Parts:LED_WS2812B_PLCC4_5.0x5.0mm_P3.2mm,45,1528-1104-ND,Use WS2812B LED. Digikey item is x10,Y,,
D3,WS2812B,Swadge_Parts:LED_WS2812B_PLCC4_5.0x5.0mm_P3.2mm,45,1528-1104-ND,Use WS2812B LED. Digikey item is x10,Y,,
D4,WS2812B,Swadge_Parts:LED_WS2812B_PLCC4_5.0x5.0mm_P3.2mm,45,1528-1104-ND,Use WS2812B LED. Digikey item is x10,Y,,
D5,WS2812B,Swadge_Parts:LED_WS2812B_PLCC4_5.0x5.0mm_P3.2mm,45,1528-1104-ND,Use WS2812B LED. Digikey item is x10,Y,,
D6,WS2812B,Swadge_Parts:LED_WS2812B_PLCC4_5.0x5.0mm_P3.2mm,45,1528-1104-ND,Use WS2812B LED. Digikey item is x10,Y,,
H1,Headband,Swadge_Parts:Headband,,952-3598-ND,Use Swadge Headband PCB and two 2x1 male pin headers with 1.27mm spacing for assembly. Must attach OLED display before soldering headband. This is meant to protect the OLED's corners,N,,
H2,Headband,Swadge_Parts:NULL,,952-3598-ND,This is the second 2x1 male pin header with 1.27mm spacing for assembly. ,N,,
J1,USB_B_Micro,Swadge_Parts:USB_Micro-B_Molex_47346-0001,112,WM17141CT-ND,Must use micro USB SMT-only Header,Y,,
LS1,Speaker,Swadge_Parts:Buzzer_12x9.5RM7.6,9.32,LCSC Part #C219727,Use piezo buzzer. 1 ~ 25V operating voltage. 12.5mm diameter. 5mm between the leads,Y,,
R7,100,Swadge_Parts:R_0603_1608Metric,10,RNCP0603FTD10K0CT-ND,0603 Package,Y,,
R3,10K,Swadge_Parts:R_0603_1608Metric,10,RNCP0603FTD10K0CT-ND,0603 Package,Y,,
R5,10K,Swadge_Parts:R_0603_1608Metric,10,RNCP0603FTD10K0CT-ND,0603 Package,Y,,
R6,10K,Swadge_Parts:R_0603_1608Metric,10,RNCP0603FTD10K0CT-ND,0603 Package,Y,,
R2,10K,Swadge_Parts:R_0603_1608Metric,10,RNCP0603FTD10K0CT-ND,0603 Package,Y,,
R4,390k,Swadge_Parts:R_0603_1608Metric,10,311-390KHRCT-ND,0603 Package,Y,,
R1,70,Swadge_Parts:R_0603_1608Metric,10,311-71.5HRCT-ND,0603 Package,Y,,
S3,4-1437565-2,Swadge_Parts:SW_4-1437565-2,34,450-1759-1-ND,Use standard SMT box tactile buttons.  Similar to PTS645SM43SMTR92.,Y,Switch Tactile OFF _ON_ SPST Round Button Gull Wing 0.05A 24VDC 1VA 9.18N SMD T/R,
S2,B3FS-4002P,Swadge_Parts:B3FS4002P,76,SW1278CT-ND,Use standard 12mmx12mm SMT box tactile buttons with flat top. Similar to TL3300DF160Q.,Y,,
S1,B3FS-4002P,Swadge_Parts:B3FS4002P,76,SW1278CT-ND,Use standard 12mmx12mm SMT box tactile buttons with flat top. Similar to TL3300DF160Q.,Y,,
SW1,SW_SPDT,Swadge_Parts:SW_SPDT_PCM12,96,401-2016-1-ND,Use SPDT slide switch. Similar to PCM12SMTR,Y,,
U1,AP1117-33,Swadge_Parts:SOT-223-3_TabPin2,37,AP2114H-3.3TRG1DICT-ND,Use any 1117 3.3V SOT-223 regulator.  I.e. AZ1117 or AP1117,Y,,
U2,ESP-13-WROOM-02D,Swadge_Parts:ESP-13-WROOM-02,270,1904-1021-1-ND,Use ESP-WROOM-02D,Y,,
U4,OLED_CONNECTOR,Swadge_Parts:ER-OLED0.96-1.3,119,LCSC Part #C11060,Must have bottom contacts. same as the OLED,Y,,
U6,OLED_DISPLAY,Swadge_Parts:NULL,352,EastRising# ER-OLED0.96-1.1W,Must be a single color; white. Must have SSD1306 driver. Must have bottom pins; same as connector. 0.5mm pitch; like the connector,Y,,https://www.buydisplay.com/download/manual/ER-OLED0.96-1_Series_Datasheet.pdf
U5,QMA6981,Swadge_Parts:QMA6981,36,LCSC Part #C310611,Use https://lcsc.com/product-detail/Others_QST-QMA6981_C310611.html ,Y,,
